wdr,dissim,leven,is_bot
0.004716436,0.967514421,218.6107617,1
0.005717104,0.95802957,183.5647059,1
0.005322728,0.974629617,278.8687783,1
0.005619946,0.962288301,177.0793651,1
0.005211431,0.978424318,436.6386054,1
0.005083638,0.964593617,196.9586357,1
0.006435211,0.748154122,270.4945855,1
0.005283992,0.973102019,320.2008457,1
0.005487582,0.957966115,181.8485876,1
0.0049067,0.970114333,235.9119497,1
0.005377005,0.954231714,156.9920635,1
0.007879043,0.948165485,85.15630252,1
0.00509238,0.976798138,410.674277,1
0.005277589,0.960469043,172.1779592,1
0.005626814,0.963871079,173.4754209,1
0.005593737,0.951222316,107.2512195,1
0.044652285,0.359189088,100.9449472,1
0.041361863,0.827326371,46.73399123,1
0.005356466,0.969828419,220.6149546,1
0.00779898,0.952375466,164.4494774,1
0.00483042,0.950947585,159.0081824,1
0.005225175,0.955546906,149.8814208,1
0.004811762,0.95696506,163.425254,1
0.005213422,0.957970195,123.1036735,1
0.005497308,0.96168077,162.7361582,1
0.006076925,0.939274483,102.8410256,1
0.006064432,0.952291149,112.2357488,1
0.005483158,0.955867344,112.6908241,1
0.005064941,0.963032822,190.8159722,1
0.004535371,0.965534832,192.8100358,1
0.0047281,0.972181627,462.6473469,1
0.005551145,0.960614267,161.981417,1
0.005389474,0.957403194,126.5313131,1
0.005251936,0.965540037,221.053654,1
0.00547041,0.940879079,81.9756871,1
0.005198889,0.958996241,174.5049834,1
0.005140584,0.969722915,208.7110204,1
0.006332034,0.946673207,96.63530778,1
0.005335871,0.955454934,232.6840883,1
0.005916808,0.949825159,112.5974359,1
0.004179947,0.619593463,157.3181844,1
0.004985024,0.960269242,216.3350282,1
0.005663656,0.962523451,149.6659933,1
0.004476828,0.986992428,903.8201798,1
0.005500183,0.938921644,82.26031746,1
0.0051173,0.952665741,113.2222222,1
0.005087414,0.964630877,178.9232653,1
0.004746934,0.973346766,354.3908425,1
0.004771475,0.960077424,258.4180392,1
0.005887259,0.942303498,70.32663848,1
0.005753895,0.949279885,118.5204082,1
0.005011454,0.948171111,82.36363636,1
0.005787704,0.943603935,123.4970964,1
0.005033588,0.974688884,310.6701389,1
0.005290412,0.965478731,297.0037017,1
0.00546238,0.960473263,144.1657143,1
0.00625562,0.877160578,58.63022942,1
0.006432254,0.943707582,86.38585859,1
0.004698442,0.961189994,151.025641,1
0.005150561,0.955074157,168.2814021,1
0.005580901,0.968686098,323.6507937,1
0.005118051,0.96509555,185.5293785,1
0.005259386,0.950511756,105.4357488,1
0.004933622,0.959951737,190.4688445,1
0.00446419,0.693906447,214.9205852,1
0.005268789,0.956268255,130.4320074,1
0.004796893,0.967172103,162.3091346,1
0.005012214,0.960898586,170.9731458,1
0.005762849,0.940493768,102.3043771,1
0.074000744,0.968960864,1.789473684,1
0.004759881,0.951778575,115.6769231,1
0.005512407,0.946812208,92.2487395,1
0.005162763,0.981611833,430.4804318,1
0.005981537,0.95107478,119.9789597,1
0.005042286,0.958033581,172.0847059,1
0.005480398,0.944856335,77.28876245,1
0.005963412,0.950562544,112.9444444,1
0.00582181,0.954835975,189.5497585,1
0.004943975,0.928252121,50.23714459,1
0.005064291,0.96785963,265.9077922,1
0.005347605,0.958424513,195.1066763,1
0.005773379,0.941183668,62.14621849,1
0.007017464,0.940686061,74.89189189,1
0.006998117,0.953841389,133.8973173,1
0.005575809,0.953123384,110.0640114,1
0.00533697,0.966116828,205.4018169,1
0.005210639,0.967247468,274.4070707,1
0.006808973,0.951762264,139.4230769,1
0.00565725,0.965596883,226.668798,1
0.004893506,0.97047054,289.4977169,1
0.006738228,0.954705412,155.8411645,1
0.006731801,0.955021056,155.2519695,1
0.006725373,0.9553367,154.6627745,1
0.006718946,0.955652345,154.0735795,1
0.006712518,0.955967989,153.4843845,1
0.00670609,0.956283633,152.8951895,1
0.006699663,0.956599278,152.3059946,1
0.006693235,0.956914922,151.7167996,1
0.006686808,0.957230566,151.1276046,1
0.00668038,0.95754621,150.5384096,1
0.006673952,0.957861855,149.9492146,1
0.006667525,0.958177499,149.3600196,1
0.006661097,0.958493143,148.7708246,1
0.00665467,0.958808787,148.1816297,1
0.006648242,0.959124432,147.5924347,1
0.006641814,0.959440076,147.0032397,1
0.006635387,0.95975572,146.4140447,1
0.006628959,0.960071365,145.8248497,1
0.006622532,0.960387009,145.2356547,1
0.006616104,0.960702653,144.6464598,1
0.006609676,0.961018297,144.0572648,1
0.006603249,0.961333942,143.4680698,1
0.006596821,0.961649586,142.8788748,1
0.006590394,0.96196523,142.2896798,1
0.006583966,0.962280875,141.7004848,1
0.006577538,0.962596519,141.1112898,1
0.006571111,0.962912163,140.5220949,1
0.006564683,0.963227807,139.9328999,1
0.006558256,0.963543452,139.3437049,1
0.006551828,0.963859096,138.7545099,1
0.006545401,0.96417474,138.1653149,1
0.006538973,0.964490384,137.5761199,1
0.006532545,0.964806029,136.9869249,1
0.006526118,0.965121673,136.39773,1
0.00651969,0.965437317,135.808535,1
0.006513263,0.965752962,135.21934,1
0.006506835,0.966068606,134.630145,1
0.006500407,0.96638425,134.04095,1
0.00649398,0.966699894,133.451755,1
0.006487552,0.967015539,132.86256,1
0.006481125,0.967331183,132.2733651,1
0.006474697,0.967646827,131.6841701,1
0.006468269,0.967962471,131.0949751,1
0.006461842,0.968278116,130.5057801,1
0.006455414,0.96859376,129.9165851,1
0.006448987,0.968909404,129.3273901,1
0.006442559,0.969225049,128.7381952,1
0.006436131,0.969540693,128.1490002,1
0.006429704,0.969856337,127.5598052,1
0.006423276,0.970171981,126.9706102,1
0.006416849,0.970487626,126.3814152,1
0.006410421,0.97080327,125.7922202,1
0.006403993,0.971118914,125.2030252,1
0.006397566,0.971434559,124.6138303,1
0.006391138,0.971750203,124.0246353,1
0.006384711,0.972065847,123.4354403,1
0.006378283,0.972381491,122.8462453,1
0.006371856,0.972697136,122.2570503,1
0.006365428,0.97301278,121.6678553,1
0.006359,0.973328424,121.0786603,1
0.006352573,0.973644068,120.4894654,1
0.006346145,0.973959713,119.9002704,1
0.006339718,0.974275357,119.3110754,1
0.00633329,0.974591001,118.7218804,1
0.006326862,0.974906646,118.1326854,1
0.006320435,0.97522229,117.5434904,1
0.006314007,0.975537934,116.9542954,1
0.00630758,0.975853578,116.3651005,1
0.006301152,0.976169223,115.7759055,1
0.006294724,0.976484867,115.1867105,1
0.006288297,0.976800511,114.5975155,1
0.006281869,0.977116156,114.0083205,1
0.006275442,0.9774318,113.4191255,1
0.006269014,0.977747444,112.8299306,1
0.006262586,0.978063088,112.2407356,1
0.006256159,0.978378733,111.6515406,1
0.006249731,0.978694377,111.0623456,1
0.006243304,0.979010021,110.4731506,1
0.006236876,0.979325665,109.8839556,1
0.006230448,0.97964131,109.2947606,1
0.006224021,0.979956954,108.7055657,1
0.006217593,0.980272598,108.1163707,1
0.006211166,0.980588243,107.5271757,1
0.006204738,0.980903887,106.9379807,1
0.006198311,0.981219531,106.3487857,1
0.006191883,0.981535175,105.7595907,1
0.006185455,0.98185082,105.1703957,1
0.006179028,0.982166464,104.5812008,1
0.0061726,0.982482108,103.9920058,1
0.006166173,0.982797752,103.4028108,1
0.006159745,0.983113397,102.8136158,1
0.006153317,0.983429041,102.2244208,1
0.00614689,0.983744685,101.6352258,1
0.006140462,0.98406033,101.0460308,1
0.006134035,0.984375974,100.4568359,1
0.006127607,0.984691618,99.86764088,1
0.006121179,0.985007262,99.27844589,1
0.006114752,0.985322907,98.68925091,1
0.006108324,0.985638551,98.10005592,1
0.006101897,0.985954195,97.51086094,1
0.006095469,0.98626984,96.92166595,1
0.006089041,0.986585484,96.33247097,1
0.006082614,0.986901128,95.74327598,1
0.006076186,0.987216772,95.154081,1
0.006069759,0.987532417,94.56488601,1
0.006063331,0.987848061,93.97569103,1
0.006056903,0.988163705,93.38649604,1
0.006050476,0.988479349,92.79730106,1
0.006044048,0.988794994,92.20810607,1
0.006037621,0.989110638,91.61891109,1
0.006031193,0.989426282,91.0297161,1
0.006024766,0.989741927,90.44052111,1
0.006018338,0.990057571,89.85132613,1
0.00601191,0.990373215,89.26213114,1
0.006005483,0.990688859,88.67293616,1
0.005999055,0.991004504,88.08374117,1
0.005992628,0.991320148,87.49454619,1
0.0059862,0.991635792,86.9053512,1
0.005979772,0.991951437,86.31615622,1
0.005973345,0.992267081,85.72696123,1
0.005966917,0.992582725,85.13776625,1
0.00596049,0.992898369,84.54857126,1
0.005954062,0.993214014,83.95937628,1
0.005947634,0.993529658,83.37018129,1
0.005941207,0.993845302,82.78098631,1
0.005934779,0.994160946,82.19179132,1
0.005928352,0.994476591,81.60259634,1
0.005921924,0.994792235,81.01340135,1
0.005915496,0.995107879,80.42420637,1
0.005909069,0.995423524,79.83501138,1
0.005902641,0.995739168,79.2458164,1
0.005896214,0.996054812,78.65662141,1
0.005889786,0.996370456,78.06742643,1
0.005883358,0.996686101,77.47823144,1
0.005876931,0.997001745,76.88903646,1
0.005870503,0.997317389,76.29984147,1
0.005864076,0.997633033,75.71064648,1
0.005857648,0.997948678,75.1214515,1
0.005851221,0.998264322,74.53225651,1
0.005844793,0.998579966,73.94306153,1
0.005838365,0.998895611,73.35386654,1
0.005831938,0.999211255,72.76467156,1
0.00582551,0.999526899,72.17547657,1
0.005819083,0.999842543,71.58628159,1
0.005812655,1.000158188,70.9970866,1
0.005806227,1.000473832,70.40789162,1
0.0057998,1.000789476,69.81869663,1
0.005793372,1.001105121,69.22950165,1
0.005786945,1.001420765,68.64030666,1
0.005780517,1.001736409,68.05111168,1
0.005774089,1.002052053,67.46191669,1
0.005767662,1.002367698,66.87272171,1
0.005761234,1.002683342,66.28352672,1
0.005754807,1.002998986,65.69433174,1
0.005748379,1.00331463,65.10513675,1
0.005741951,1.003630275,64.51594177,1
0.005735524,1.003945919,63.92674678,1
0.005729096,1.004261563,63.3375518,1
0.005722669,1.004577208,62.74835681,1
0.005716241,1.004892852,62.15916183,1
0.005709813,1.005208496,61.56996684,1
0.005703386,1.00552414,60.98077186,1
0.005696958,1.005839785,60.39157687,1
0.005690531,1.006155429,59.80238188,1
0.005684103,1.006471073,59.2131869,1
0.005677676,1.006786717,58.62399191,1
0.005671248,1.007102362,58.03479693,1
0.00566482,1.007418006,57.44560194,1
0.005658393,1.00773365,56.85640696,1
0.005651965,1.008049295,56.26721197,1
0.005645538,1.008364939,55.67801699,1
0.00563911,1.008680583,55.088822,1
0.005632682,1.008996227,54.49962702,1
0.005626255,1.009311872,53.91043203,1
0.005619827,1.009627516,53.32123705,1
0.0056134,1.00994316,52.73204206,1
0.005606972,1.010258805,52.14284708,1
0.005600544,1.010574449,51.55365209,1
0.005594117,1.010890093,50.96445711,1
0.005587689,1.011205737,50.37526212,1
0.005581262,1.011521382,49.78606714,1
0.005574834,1.011837026,49.19687215,1
0.005568406,1.01215267,48.60767717,1
0.005561979,1.012468314,48.01848218,1
0.005555551,1.012783959,47.4292872,1
0.005549124,1.013099603,46.84009221,1
0.005542696,1.013415247,46.25089723,1
0.005536268,1.013730892,45.66170224,1
0.005529841,1.014046536,45.07250725,1
0.005523413,1.01436218,44.48331227,1
0.005516986,1.014677824,43.89411728,1
0.005510558,1.014993469,43.3049223,1
0.005504131,1.015309113,42.71572731,1
0.005497703,1.015624757,42.12653233,1
0.005491275,1.015940402,41.53733734,1
0.005484848,1.016256046,40.94814236,1
0.00547842,1.01657169,40.35894737,1
0.005471993,1.016887334,39.76975239,1
0.005465565,1.017202979,39.1805574,1
0.005459137,1.017518623,38.59136242,1
0.00545271,1.017834267,38.00216743,1
0.005446282,1.018149911,37.41297245,1
0.005439855,1.018465556,36.82377746,1
0.005433427,1.0187812,36.23458248,1
0.005426999,1.019096844,35.64538749,1
0.005420572,1.019412489,35.05619251,1
0.005414144,1.019728133,34.46699752,1
0.005407717,1.020043777,33.87780254,1
0.005401289,1.020359421,33.28860755,1
0.005394861,1.020675066,32.69941257,1
0.005388434,1.02099071,32.11021758,1
0.005382006,1.021306354,31.5210226,1
0.005375579,1.021621998,30.93182761,1
0.005369151,1.021937643,30.34263262,1
0.005362723,1.022253287,29.75343764,1
0.005356296,1.022568931,29.16424265,1
0.005349868,1.022884576,28.57504767,1
0.005343441,1.02320022,27.98585268,1
0.005337013,1.023515864,27.3966577,1
0.005330586,1.023831508,26.80746271,1
0.005324158,1.024147153,26.21826773,1
0.00531773,1.024462797,25.62907274,1
0.005311303,1.024778441,25.03987776,1
0.005304875,1.025094086,24.45068277,1
0.005298448,1.02540973,23.86148779,1
0.00529202,1.025725374,23.2722928,1
0.005285592,1.026041018,22.68309782,1
0.005279165,1.026356663,22.09390283,1
0.005272737,1.026672307,21.50470785,1
0.00526631,1.026987951,20.91551286,1
0.005259882,1.027303595,20.32631788,1
0.005253454,1.02761924,19.73712289,1
0.005247027,1.027934884,19.14792791,1
0.005240599,1.028250528,18.55873292,1
0.005234172,1.028566173,17.96953794,1
0.005227744,1.028881817,17.38034295,1
0.005221316,1.029197461,16.79114797,1
0.005214889,1.029513105,16.20195298,1
0.005208461,1.02982875,15.612758,1
0.005202034,1.030144394,15.02356301,1
0.005195606,1.030460038,14.43436802,1
0.005189178,1.030775683,13.84517304,1
0.005182751,1.031091327,13.25597805,1
0.005176323,1.031406971,12.66678307,1
0.005169896,1.031722615,12.07758808,1
0.005163468,1.03203826,11.4883931,1
0.005157041,1.032353904,10.89919811,1
0.005150613,1.032669548,10.31000313,1
0.005144185,1.032985192,9.720808143,1
0.005137758,1.033300837,9.131613158,1
0.00513133,1.033616481,8.542418173,1
0.005124903,1.033932125,7.953223188,1
0.005118475,1.03424777,7.364028202,1
0.005112047,1.034563414,6.774833217,1
0.00510562,1.034879058,6.185638232,1
0.005099192,1.035194702,5.596443247,1
0.005092765,1.035510347,5.007248262,1
0.005086337,1.035825991,4.418053276,1
0.005079909,1.036141635,3.828858291,1
0.005073482,1.036457279,3.239663306,1
0.005067054,1.036772924,2.650468321,1
0.005060627,1.037088568,2.061273336,1
0.005054199,1.037404212,1.472078351,1
0.005047771,1.037719857,0.882883365,1
0.005041344,1.038035501,0.29368838,1
0.005034916,1.038351145,-0.295506605,1
0.005028489,1.038666789,-0.88470159,1
0.005022061,1.038982434,-1.473896575,1
0.005015633,1.039298078,-2.063091561,1
0.005009206,1.039613722,-2.652286546,1
0.005002778,1.039929367,-3.241481531,1
0.004996351,1.040245011,-3.830676516,1
0.004989923,1.040560655,-4.419871501,1
0.004983496,1.040876299,-5.009066487,1
0.004977068,1.041191944,-5.598261472,1
0.00497064,1.041507588,-6.187456457,1
0.004964213,1.041823232,-6.776651442,1
0.004957785,1.042138876,-7.365846427,1
0.004951358,1.042454521,-7.955041413,1
0.00494493,1.042770165,-8.544236398,1
0.004938502,1.043085809,-9.133431383,1
0.004932075,1.043401454,-9.722626368,1
0.004925647,1.043717098,-10.31182135,1
0.00491922,1.044032742,-10.90101634,1
0.004912792,1.044348386,-11.49021132,1
0.004906364,1.044664031,-12.07940631,1
0.004899937,1.044979675,-12.66860129,1
0.004893509,1.045295319,-13.25779628,1
0.004887082,1.045610964,-13.84699126,1
0.004880654,1.045926608,-14.43618625,1
0.004874226,1.046242252,-15.02538123,1
0.004867799,1.046557896,-15.61457622,1
0.004861371,1.046873541,-16.20377121,1
0.004854944,1.047189185,-16.79296619,1
0.004848516,1.047504829,-17.38216118,1
0.004842088,1.047820473,-17.97135616,1
0.004835661,1.048136118,-18.56055115,1
0.004829233,1.048451762,-19.14974613,1
0.004822806,1.048767406,-19.73894112,1
0.004816378,1.049083051,-20.3281361,1
0.004809951,1.049398695,-20.91733109,1
0.004803523,1.049714339,-21.50652607,1
0.004797095,1.050029983,-22.09572106,1
0.004790668,1.050345628,-22.68491604,1
0.00478424,1.050661272,-23.27411103,1
0.004777813,1.050976916,-23.86330601,1
0.004771385,1.05129256,-24.452501,1
0.004764957,1.051608205,-25.04169598,1
0.00475853,1.051923849,-25.63089097,1
0.004752102,1.052239493,-26.22008595,1
0.004745675,1.052555138,-26.80928094,1
0.004739247,1.052870782,-27.39847592,1
0.004732819,1.053186426,-27.98767091,1
0.004726392,1.05350207,-28.57686589,1
0.004719964,1.053817715,-29.16606088,1
0.004713537,1.054133359,-29.75525586,1
0.004707109,1.054449003,-30.34445085,1
0.004700681,1.054764648,-30.93364584,1
0.004694254,1.055080292,-31.52284082,1
0.004687826,1.055395936,-32.11203581,1
0.004681399,1.05571158,-32.70123079,1
0.004674971,1.056027225,-33.29042578,1
0.004668543,1.056342869,-33.87962076,1
0.004662116,1.056658513,-34.46881575,1
0.004655688,1.056974157,-35.05801073,1
0.004649261,1.057289802,-35.64720572,1
0.004642833,1.057605446,-36.2364007,1
0.004636406,1.05792109,-36.82559569,1
0.004629978,1.058236735,-37.41479067,1
0.00462355,1.058552379,-38.00398566,1
0.004617123,1.058868023,-38.59318064,1
0.004610695,1.059183667,-39.18237563,1
0.004604268,1.059499312,-39.77157061,1
0.00459784,1.059814956,-40.3607656,1
0.004591412,1.0601306,-40.94996058,1
0.004584985,1.060446244,-41.53915557,1
0.004578557,1.060761889,-42.12835055,1
0.00457213,1.061077533,-42.71754554,1
0.004565702,1.061393177,-43.30674052,1
0.004559274,1.061708822,-43.89593551,1
0.004552847,1.062024466,-44.48513049,1
0.004546419,1.06234011,-45.07432548,1
0.004539992,1.062655754,-45.66352046,1
0.004533564,1.062971399,-46.25271545,1
0.004527136,1.063287043,-46.84191044,1
0.004520709,1.063602687,-47.43110542,1
0.004514281,1.063918332,-48.02030041,1
0.004507854,1.064233976,-48.60949539,1
0.004501426,1.06454962,-49.19869038,1
0.004494998,1.064865264,-49.78788536,1
0.004488571,1.065180909,-50.37708035,1
0.004482143,1.065496553,-50.96627533,1
0.004475716,1.065812197,-51.55547032,1
0.004469288,1.066127841,-52.1446653,1
0.004462861,1.066443486,-52.73386029,1
0.004456433,1.06675913,-53.32305527,1
0.004450005,1.067074774,-53.91225026,1
0.004443578,1.067390419,-54.50144524,1
0.00443715,1.067706063,-55.09064023,1
0.004430723,1.068021707,-55.67983521,1
0.004424295,1.068337351,-56.2690302,1
0.004417867,1.068652996,-56.85822518,1
0.00441144,1.06896864,-57.44742017,1
0.004405012,1.069284284,-58.03661515,1
0.004398585,1.069599929,-58.62581014,1
0.004392157,1.069915573,-59.21500512,1
0.004385729,1.070231217,-59.80420011,1
0.004379302,1.070546861,-60.39339509,1
0.004372874,1.070862506,-60.98259008,1
0.004366447,1.07117815,-61.57178507,1
0.004360019,1.071493794,-62.16098005,1
0.004353591,1.071809438,-62.75017504,1
0.004347164,1.072125083,-63.33937002,1
0.004340736,1.072440727,-63.92856501,1
0.004334309,1.072756371,-64.51775999,1
0.004327881,1.073072016,-65.10695498,1
0.004321453,1.07338766,-65.69614996,1
0.004315026,1.073703304,-66.28534495,1
0.004308598,1.074018948,-66.87453993,1
0.004302171,1.074334593,-67.46373492,1
0.004295743,1.074650237,-68.0529299,1
0.004289316,1.074965881,-68.64212489,1
0.004282888,1.075281525,-69.23131987,1
0.00427646,1.07559717,-69.82051486,1
0.004270033,1.075912814,-70.40970984,1
0.004263605,1.076228458,-70.99890483,1
0.004257178,1.076544103,-71.58809981,1
0.00425075,1.076859747,-72.1772948,1
0.004244322,1.077175391,-72.76648978,1
0.004237895,1.077491035,-73.35568477,1
0.004231467,1.07780668,-73.94487975,1
0.00422504,1.078122324,-74.53407474,1
0.004218612,1.078437968,-75.12326972,1
0.004212184,1.078753613,-75.71246471,1
0.004205757,1.079069257,-76.30165969,1
0.004199329,1.079384901,-76.89085468,1
0.004192902,1.079700545,-77.48004967,1
0.004186474,1.08001619,-78.06924465,1
0.004180046,1.080331834,-78.65843964,1
0.004173619,1.080647478,-79.24763462,1
0.004167191,1.080963122,-79.83682961,1
0.004160764,1.081278767,-80.42602459,1
0.004154336,1.081594411,-81.01521958,1
0.004147908,1.081910055,-81.60441456,1
0.004141481,1.0822257,-82.19360955,1
0.004135053,1.082541344,-82.78280453,1
0.004128626,1.082856988,-83.37199952,1
0.004122198,1.083172632,-83.9611945,1
0.004115771,1.083488277,-84.55038949,1
0.004109343,1.083803921,-85.13958447,1
0.004102915,1.084119565,-85.72877946,1
0.004096488,1.08443521,-86.31797444,1
0.00409006,1.084750854,-86.90716943,1
0.004083633,1.085066498,-87.49636441,1
0.004077205,1.085382142,-88.0855594,1
0.004070777,1.085697787,-88.67475438,1
0.00406435,1.086013431,-89.26394937,1
0.004057922,1.086329075,-89.85314435,1
0.004051495,1.086644719,-90.44233934,1
0.004045067,1.086960364,-91.03153432,1
0.004038639,1.087276008,-91.62072931,1
0.004032212,1.087591652,-92.2099243,1
0.004025784,1.087907297,-92.79911928,1
0.004019357,1.088222941,-93.38831427,1
0.004012929,1.088538585,-93.97750925,1
0.004006501,1.088854229,-94.56670424,1
0.004000074,1.089169874,-95.15589922,1
0.003993646,1.089485518,-95.74509421,1
0.003987219,1.089801162,-96.33428919,1
0.003980791,1.090116806,-96.92348418,1
0.003974363,1.090432451,-97.51267916,1
0.003967936,1.090748095,-98.10187415,1
0.003961508,1.091063739,-98.69106913,1
0.003955081,1.091379384,-99.28026412,1
0.003948653,1.091695028,-99.8694591,1
0.003942226,1.092010672,-100.4586541,1
0.003935798,1.092326316,-101.0478491,1
0.00392937,1.092641961,-101.6370441,1
0.003922943,1.092957605,-102.226239,1
0.003916515,1.093273249,-102.815434,1
0.003910088,1.093588894,-103.404629,1
0.00390366,1.093904538,-103.993824,1
0.003897232,1.094220182,-104.583019,1
0.003890805,1.094535826,-105.172214,1
0.003884377,1.094851471,-105.761409,1
0.00387795,1.095167115,-106.3506039,1
0.003871522,1.095482759,-106.9397989,1
0.003865094,1.095798403,-107.5289939,1
0.003858667,1.096114048,-108.1181889,1
0.003852239,1.096429692,-108.7073839,1
0.003845812,1.096745336,-109.2965789,1
0.003839384,1.097060981,-109.8857739,1
0.003832956,1.097376625,-110.4749688,1
0.003826529,1.097692269,-111.0641638,1
0.003820101,1.098007913,-111.6533588,1
0.003813674,1.098323558,-112.2425538,1
0.003807246,1.098639202,-112.8317488,1
0.003800818,1.098954846,-113.4209438,1
0.003794391,1.09927049,-114.0101387,1
0.003787963,1.099586135,-114.5993337,1
0.003781536,1.099901779,-115.1885287,1
0.003775108,1.100217423,-115.7777237,1
0.003768681,1.100533068,-116.3669187,1
0.003762253,1.100848712,-116.9561137,1
0.003755825,1.101164356,-117.5453087,1
0.003749398,1.10148,-118.1345036,1
0.00374297,1.101795645,-118.7236986,1
0.003736543,1.102111289,-119.3128936,1
0.003730115,1.102426933,-119.9020886,1
0.003723687,1.102742578,-120.4912836,1
0.00371726,1.103058222,-121.0804786,1
0.003710832,1.103373866,-121.6696736,1
0.003704405,1.10368951,-122.2588685,1
0.003697977,1.104005155,-122.8480635,1
0.003691549,1.104320799,-123.4372585,1
0.003685122,1.104636443,-124.0264535,1
0.003678694,1.104952087,-124.6156485,1
0.003672267,1.105267732,-125.2048435,1
0.003665839,1.105583376,-125.7940385,1
0.003659411,1.10589902,-126.3832334,1
0.003652984,1.106214665,-126.9724284,1
0.003646556,1.106530309,-127.5616234,1
0.003640129,1.106845953,-128.1508184,1
0.003633701,1.107161597,-128.7400134,1
0.003627273,1.107477242,-129.3292084,1
0.003620846,1.107792886,-129.9184033,1
0.003614418,1.10810853,-130.5075983,1
0.003607991,1.108424175,-131.0967933,1
0.003601563,1.108739819,-131.6859883,1
0.003595136,1.109055463,-132.2751833,1
0.003588708,1.109371107,-132.8643783,1
0.00358228,1.109686752,-133.4535733,1
0.003575853,1.110002396,-134.0427682,1
0.003569425,1.11031804,-134.6319632,1
0.003562998,1.110633684,-135.2211582,1
0.00355657,1.110949329,-135.8103532,1
0.003550142,1.111264973,-136.3995482,1
0.003543715,1.111580617,-136.9887432,1
0.003537287,1.111896262,-137.5779382,1
0.00353086,1.112211906,-138.1671331,1
0.003524432,1.11252755,-138.7563281,1
0.003518004,1.112843194,-139.3455231,1
0.003511577,1.113158839,-139.9347181,1
0.003505149,1.113474483,-140.5239131,1
0.003498722,1.113790127,-141.1131081,1
0.003492294,1.114105771,-141.7023031,1
0.003485866,1.114421416,-142.291498,1
0.003479439,1.11473706,-142.880693,1
0.003473011,1.115052704,-143.469888,1
0.003466584,1.115368349,-144.059083,1
0.003460156,1.115683993,-144.648278,1
0.003453728,1.115999637,-145.237473,1
0.003447301,1.116315281,-145.8266679,1
0.003440873,1.116630926,-146.4158629,1
0.003434446,1.11694657,-147.0050579,1
0.003428018,1.117262214,-147.5942529,1
0.003421591,1.117577859,-148.1834479,1
0.003415163,1.117893503,-148.7726429,1
0.003408735,1.118209147,-149.3618379,1
0.003402308,1.118524791,-149.9510328,1
0.00339588,1.118840436,-150.5402278,1
0.003389453,1.11915608,-151.1294228,1
0.003383025,1.119471724,-151.7186178,1
0.003376597,1.119787368,-152.3078128,1
0.00337017,1.120103013,-152.8970078,1
0.003363742,1.120418657,-153.4862028,1
0.003357315,1.120734301,-154.0753977,1
0.003350887,1.121049946,-154.6645927,1
0.003344459,1.12136559,-155.2537877,1
0.003338032,1.121681234,-155.8429827,1
0.003331604,1.121996878,-156.4321777,1
0.003325177,1.122312523,-157.0213727,1
0.003318749,1.122628167,-157.6105677,1
0.003312321,1.122943811,-158.1997626,1
0.003305894,1.123259456,-158.7889576,1
0.003299466,1.1235751,-159.3781526,1
0.003293039,1.123890744,-159.9673476,1
0.003286611,1.124206388,-160.5565426,1
0.003280183,1.124522033,-161.1457376,1
0.003273756,1.124837677,-161.7349325,1
0.003267328,1.125153321,-162.3241275,1
0.003260901,1.125468965,-162.9133225,1
0.003254473,1.12578461,-163.5025175,1
0.003248046,1.126100254,-164.0917125,1
0.003241618,1.126415898,-164.6809075,1
0.00323519,1.126731543,-165.2701025,1
0.003228763,1.127047187,-165.8592974,1
0.003222335,1.127362831,-166.4484924,1
0.003215908,1.127678475,-167.0376874,1
0.00320948,1.12799412,-167.6268824,1
0.003203052,1.128309764,-168.2160774,1
0.003196625,1.128625408,-168.8052724,1
0.003190197,1.128941052,-169.3944674,1
0.00318377,1.129256697,-169.9836623,1
0.003177342,1.129572341,-170.5728573,1
0.003170914,1.129887985,-171.1620523,1
0.003164487,1.13020363,-171.7512473,1
0.003158059,1.130519274,-172.3404423,1
0.003151632,1.130834918,-172.9296373,1
0.003145204,1.131150562,-173.5188323,1
0.003138776,1.131466207,-174.1080272,1
0.003132349,1.131781851,-174.6972222,1
0.003125921,1.132097495,-175.2864172,1
0.003119494,1.13241314,-175.8756122,1
0.003113066,1.132728784,-176.4648072,1
0.003106638,1.133044428,-177.0540022,1
0.003100211,1.133360072,-177.6431971,1
0.003093783,1.133675717,-178.2323921,1
0.003087356,1.133991361,-178.8215871,1
0.003080928,1.134307005,-179.4107821,1
0.003074501,1.134622649,-179.9999771,1
0.003068073,1.134938294,-180.5891721,1
0.003061645,1.135253938,-181.1783671,1
0.003055218,1.135569582,-181.767562,1
0.00304879,1.135885227,-182.356757,1
0.003042363,1.136200871,-182.945952,1
0.003035935,1.136516515,-183.535147,1
0.003029507,1.136832159,-184.124342,1
0.00302308,1.137147804,-184.713537,1
0.003016652,1.137463448,-185.302732,1
0.003010225,1.137779092,-185.8919269,1
0.003003797,1.138094736,-186.4811219,1
0.002997369,1.138410381,-187.0703169,1
0.002990942,1.138726025,-187.6595119,1
0.002984514,1.139041669,-188.2487069,1
0.002978087,1.139357314,-188.8379019,1
0.002971659,1.139672958,-189.4270969,1
0.002965231,1.139988602,-190.0162918,1
0.002958804,1.140304246,-190.6054868,1
0.002952376,1.140619891,-191.1946818,1
0.002945949,1.140935535,-191.7838768,1
0.002939521,1.141251179,-192.3730718,1
0.002933093,1.141566824,-192.9622668,1
0.002926666,1.141882468,-193.5514617,1
0.002920238,1.142198112,-194.1406567,1
0.002913811,1.142513756,-194.7298517,1
0.002907383,1.142829401,-195.3190467,1
0.002900956,1.143145045,-195.9082417,1
0.002894528,1.143460689,-196.4974367,1
0.0028881,1.143776333,-197.0866317,1
0.002881673,1.144091978,-197.6758266,1
0.002875245,1.144407622,-198.2650216,1
0.002868818,1.144723266,-198.8542166,1
0.00286239,1.145038911,-199.4434116,1
0.002855962,1.145354555,-200.0326066,1
0.002849535,1.145670199,-200.6218016,1
0.002843107,1.145985843,-201.2109966,1
0.00283668,1.146301488,-201.8001915,1
0.002830252,1.146617132,-202.3893865,1
0.002823824,1.146932776,-202.9785815,1
0.002817397,1.147248421,-203.5677765,1
0.002810969,1.147564065,-204.1569715,1
0.002804542,1.147879709,-204.7461665,1
0.002798114,1.148195353,-205.3353615,1
0.002791686,1.148510998,-205.9245564,1
0.002785259,1.148826642,-206.5137514,1
0.002778831,1.149142286,-207.1029464,1
0.002772404,1.14945793,-207.6921414,1
0.002765976,1.149773575,-208.2813364,1
0.002759548,1.150089219,-208.8705314,1
0.002753121,1.150404863,-209.4597263,1
0.002746693,1.150720508,-210.0489213,1
0.002740266,1.151036152,-210.6381163,1
0.002733838,1.151351796,-211.2273113,1
0.002727411,1.15166744,-211.8165063,1
0.002720983,1.151983085,-212.4057013,1
0.002714555,1.152298729,-212.9948963,1
0.002708128,1.152614373,-213.5840912,1
0.0027017,1.152930017,-214.1732862,1
0.002695273,1.153245662,-214.7624812,1
0.002688845,1.153561306,-215.3516762,1
0.002682417,1.15387695,-215.9408712,1
0.00267599,1.154192595,-216.5300662,1
0.002669562,1.154508239,-217.1192612,1
0.002663135,1.154823883,-217.7084561,1
0.002656707,1.155139527,-218.2976511,1
0.002650279,1.155455172,-218.8868461,1
0.002643852,1.155770816,-219.4760411,1
0.002637424,1.15608646,-220.0652361,1
0.002630997,1.156402105,-220.6544311,1
0.002624569,1.156717749,-221.2436261,1
0.002618141,1.157033393,-221.832821,1
0.002611714,1.157349037,-222.422016,1
0.002605286,1.157664682,-223.011211,1
0.002598859,1.157980326,-223.600406,1
0.002592431,1.15829597,-224.189601,1
0.002586003,1.158611614,-224.778796,1
0.002579576,1.158927259,-225.3679909,1
0.002573148,1.159242903,-225.9571859,1
0.002566721,1.159558547,-226.5463809,1
0.002560293,1.159874192,-227.1355759,1
0.002553866,1.160189836,-227.7247709,1
0.002547438,1.16050548,-228.3139659,1
0.00254101,1.160821124,-228.9031609,1
0.002534583,1.161136769,-229.4923558,1
0.002528155,1.161452413,-230.0815508,1
0.002521728,1.161768057,-230.6707458,1
0.0025153,1.162083702,-231.2599408,1
0.002508872,1.162399346,-231.8491358,1
0.002502445,1.16271499,-232.4383308,1
0.002496017,1.163030634,-233.0275258,1
0.00248959,1.163346279,-233.6167207,1
0.002483162,1.163661923,-234.2059157,1
0.002476734,1.163977567,-234.7951107,1
0.002470307,1.164293211,-235.3843057,1
0.002463879,1.164608856,-235.9735007,1
0.002457452,1.1649245,-236.5626957,1
0.002451024,1.165240144,-237.1518907,1
0.002444596,1.165555789,-237.7410856,1
0.002438169,1.165871433,-238.3302806,1
0.002431741,1.166187077,-238.9194756,1
0.002425314,1.166502721,-239.5086706,1
0.002418886,1.166818366,-240.0978656,1
0.002412458,1.16713401,-240.6870606,1
0.002406031,1.167449654,-241.2762555,1
0.002399603,1.167765298,-241.8654505,1
0.002393176,1.168080943,-242.4546455,1
0.002386748,1.168396587,-243.0438405,1
0.002380321,1.168712231,-243.6330355,1
0.002373893,1.169027876,-244.2222305,1
0.002367465,1.16934352,-244.8114255,1
0.002361038,1.169659164,-245.4006204,1
0.00235461,1.169974808,-245.9898154,1
0.002348183,1.170290453,-246.5790104,1
0.002341755,1.170606097,-247.1682054,1
0.002335327,1.170921741,-247.7574004,1
0.0023289,1.171237386,-248.3465954,1
0.002322472,1.17155303,-248.9357904,1
0.002316045,1.171868674,-249.5249853,1
0.002309617,1.172184318,-250.1141803,1
0.002303189,1.172499963,-250.7033753,1
0.002296762,1.172815607,-251.2925703,1
0.002290334,1.173131251,-251.8817653,1
0.002283907,1.173446895,-252.4709603,1
0.002277479,1.17376254,-253.0601553,1
0.002271051,1.174078184,-253.6493502,1
0.002264624,1.174393828,-254.2385452,1
0.002258196,1.174709473,-254.8277402,1
0.002251769,1.175025117,-255.4169352,1
0.002245341,1.175340761,-256.0061302,1
0.002238913,1.175656405,-256.5953252,1
0.002232486,1.17597205,-257.1845201,1
0.002226058,1.176287694,-257.7737151,1
0.002219631,1.176603338,-258.3629101,1
0.002213203,1.176918983,-258.9521051,1
0.002206776,1.177234627,-259.5413001,1
0.002200348,1.177550271,-260.1304951,1
0.00219392,1.177865915,-260.7196901,1
0.002187493,1.17818156,-261.308885,1
0.002181065,1.178497204,-261.89808,1
0.002174638,1.178812848,-262.487275,1
0.00216821,1.179128492,-263.07647,1
0.002161782,1.179444137,-263.665665,1
0.002155355,1.179759781,-264.25486,1
0.002148927,1.180075425,-264.844055,1
0.0021425,1.18039107,-265.4332499,1
0.002136072,1.180706714,-266.0224449,1
0.002129644,1.181022358,-266.6116399,1
0.002123217,1.181338002,-267.2008349,1
0.002116789,1.181653647,-267.7900299,1
0.002110362,1.181969291,-268.3792249,1
0.002103934,1.182284935,-268.9684199,1
0.002097506,1.182600579,-269.5576148,1
0.002091079,1.182916224,-270.1468098,1
0.002084651,1.183231868,-270.7360048,1
0.002078224,1.183547512,-271.3251998,1
0.002071796,1.183863157,-271.9143948,1
0.002065368,1.184178801,-272.5035898,1
0.002058941,1.184494445,-273.0927847,1
0.002052513,1.184810089,-273.6819797,1
0.002046086,1.185125734,-274.2711747,1
0.002039658,1.185441378,-274.8603697,1
0.00203323,1.185757022,-275.4495647,1
0.002026803,1.186072667,-276.0387597,1
0.002020375,1.186388311,-276.6279547,1
0.002013948,1.186703955,-277.2171496,1
0.00200752,1.187019599,-277.8063446,1
0.002001093,1.187335244,-278.3955396,1
0.001994665,1.187650888,-278.9847346,1
0.001988237,1.187966532,-279.5739296,1
0.00198181,1.188282176,-280.1631246,1
0.001975382,1.188597821,-280.7523196,1
0.001968955,1.188913465,-281.3415145,1
0.001962527,1.189229109,-281.9307095,1
0.001956099,1.189544754,-282.5199045,1
0.001949672,1.189860398,-283.1090995,1
0.001943244,1.190176042,-283.6982945,1
0.001936817,1.190491686,-284.2874895,1
0.001930389,1.190807331,-284.8766845,1
0.001923961,1.191122975,-285.4658794,1
0.001917534,1.191438619,-286.0550744,1
0.001911106,1.191754263,-286.6442694,1
0.001904679,1.192069908,-287.2334644,1
0.001898251,1.192385552,-287.8226594,1
0.001891823,1.192701196,-288.4118544,1
0.001885396,1.193016841,-289.0010493,1
0.001878968,1.193332485,-289.5902443,1
0.001872541,1.193648129,-290.1794393,1
0.001866113,1.193963773,-290.7686343,1
0.001859685,1.194279418,-291.3578293,1
0.001853258,1.194595062,-291.9470243,1
0.00184683,1.194910706,-292.5362193,1
0.001840403,1.195226351,-293.1254142,1
0.001833975,1.195541995,-293.7146092,1
0.001827548,1.195857639,-294.3038042,1
0.00182112,1.196173283,-294.8929992,1
0.001814692,1.196488928,-295.4821942,1
0.001808265,1.196804572,-296.0713892,1
0.001801837,1.197120216,-296.6605842,1
0.00179541,1.19743586,-297.2497791,1
0.001788982,1.197751505,-297.8389741,1
0.001782554,1.198067149,-298.4281691,1
0.001776127,1.198382793,-299.0173641,1
0.001769699,1.198698438,-299.6065591,1
0.001763272,1.199014082,-300.1957541,1
0.001756844,1.199329726,-300.7849491,1
0.001750416,1.19964537,-301.374144,1
0.001743989,1.199961015,-301.963339,1
0.001737561,1.200276659,-302.552534,1
0.001731134,1.200592303,-303.141729,1
0.001724706,1.200907948,-303.730924,1
0.001718278,1.201223592,-304.320119,1
0.001711851,1.201539236,-304.9093139,1
0.001705423,1.20185488,-305.4985089,1
0.001698996,1.202170525,-306.0877039,1
0.001692568,1.202486169,-306.6768989,1
0.00168614,1.202801813,-307.2660939,1
0.001679713,1.203117457,-307.8552889,1
0.001673285,1.203433102,-308.4444839,1
0.001666858,1.203748746,-309.0336788,1
0.00166043,1.20406439,-309.6228738,1
0.001654003,1.204380035,-310.2120688,1
0.001647575,1.204695679,-310.8012638,1
0.001641147,1.205011323,-311.3904588,1
0.00163472,1.205326967,-311.9796538,1
0.001628292,1.205642612,-312.5688488,1
0.001621865,1.205958256,-313.1580437,1
0.001615437,1.2062739,-313.7472387,1
0.001609009,1.206589544,-314.3364337,1
0.001602582,1.206905189,-314.9256287,1
0.001596154,1.207220833,-315.5148237,1
0.001589727,1.207536477,-316.1040187,1
0.001583299,1.207852122,-316.6932137,1
0.001576871,1.208167766,-317.2824086,1
0.001570444,1.20848341,-317.8716036,1
0.001564016,1.208799054,-318.4607986,1
0.001557589,1.209114699,-319.0499936,1
0.001551161,1.209430343,-319.6391886,1
0.001544733,1.209745987,-320.2283836,1
0.001538306,1.210061632,-320.8175786,1
0.001531878,1.210377276,-321.4067735,1
0.001525451,1.21069292,-321.9959685,1
0.001519023,1.211008564,-322.5851635,1
0.001512595,1.211324209,-323.1743585,1
0.001506168,1.211639853,-323.7635535,1
0.00149974,1.211955497,-324.3527485,1
0.001493313,1.212271141,-324.9419434,1
0.001486885,1.212586786,-325.5311384,1
0.001480458,1.21290243,-326.1203334,1
0.00147403,1.213218074,-326.7095284,1
0.001467602,1.213533719,-327.2987234,1
0.001461175,1.213849363,-327.8879184,1
0.001454747,1.214165007,-328.4771134,1
0.00144832,1.214480651,-329.0663083,1
0.001441892,1.214796296,-329.6555033,1
0.001435464,1.21511194,-330.2446983,1
0.001429037,1.215427584,-330.8338933,1
0.001422609,1.215743229,-331.4230883,1
0.001416182,1.216058873,-332.0122833,1
0.001409754,1.216374517,-332.6014783,1
0.001403326,1.216690161,-333.1906732,1
0.001396899,1.217005806,-333.7798682,1
0.001390471,1.21732145,-334.3690632,1
0.001384044,1.217637094,-334.9582582,1
0.001377616,1.217952738,-335.5474532,1
0.001371188,1.218268383,-336.1366482,1
0.001364761,1.218584027,-336.7258432,1
0.001358333,1.218899671,-337.3150381,1
0.001351906,1.219215316,-337.9042331,1
0.001345478,1.21953096,-338.4934281,1
0.00133905,1.219846604,-339.0826231,1
0.001332623,1.220162248,-339.6718181,1
0.001326195,1.220477893,-340.2610131,1
0.001319768,1.220793537,-340.850208,1
0.00131334,1.221109181,-341.439403,1
0.001306913,1.221424825,-342.028598,1
0.001300485,1.22174047,-342.617793,1
0.001294057,1.222056114,-343.206988,1
0.00128763,1.222371758,-343.796183,1
0.001281202,1.222687403,-344.385378,1
0.001274775,1.223003047,-344.9745729,1
0.001268347,1.223318691,-345.5637679,1
0.001261919,1.223634335,-346.1529629,1
0.001255492,1.22394998,-346.7421579,1
0.001249064,1.224265624,-347.3313529,1
0.001242637,1.224581268,-347.9205479,1
0.001236209,1.224896913,-348.5097429,1
0.001229781,1.225212557,-349.0989378,1
0.001223354,1.225528201,-349.6881328,1
0.001216926,1.225843845,-350.2773278,1
0.001210499,1.22615949,-350.8665228,1
0.001204071,1.226475134,-351.4557178,1
0.001197643,1.226790778,-352.0449128,1
0.001191216,1.227106422,-352.6341078,1
0.001184788,1.227422067,-353.2233027,1
0.001178361,1.227737711,-353.8124977,1
0.001171933,1.228053355,-354.4016927,1
0.001165505,1.228369,-354.9908877,1
0.001159078,1.228684644,-355.5800827,1
0.00115265,1.229000288,-356.1692777,1
0.001146223,1.229315932,-356.7584726,1
0.001139795,1.229631577,-357.3476676,1
0.001133368,1.229947221,-357.9368626,1
0.00112694,1.230262865,-358.5260576,1
0.001120512,1.230578509,-359.1152526,1
0.001114085,1.230894154,-359.7044476,1
0.001107657,1.231209798,-360.2936426,1
0.00110123,1.231525442,-360.8828375,1
0.001094802,1.231841087,-361.4720325,1
0.001088374,1.232156731,-362.0612275,1
0.001081947,1.232472375,-362.6504225,1
0.001075519,1.232788019,-363.2396175,1
0.001069092,1.233103664,-363.8288125,1
0.001062664,1.233419308,-364.4180075,1
0.001056236,1.233734952,-365.0072024,1
0.001049809,1.234050597,-365.5963974,1
0.001043381,1.234366241,-366.1855924,1
0.001036954,1.234681885,-366.7747874,1
0.001030526,1.234997529,-367.3639824,1
0.001024098,1.235313174,-367.9531774,1
0.001017671,1.235628818,-368.5423724,1
0.001011243,1.235944462,-369.1315673,1
0.001004816,1.236260106,-369.7207623,1
0.000998388,1.236575751,-370.3099573,1
0.00099196,1.236891395,-370.8991523,1
0.000985533,1.237207039,-371.4883473,1
0.000979105,1.237522684,-372.0775423,1
0.000972678,1.237838328,-372.6667372,1
0.00096625,1.238153972,-373.2559322,1
0.000959823,1.238469616,-373.8451272,1
0.001063433,0.809311839,52.30142918,0
0.001771694,0.837860247,242.5095421,0
0.001117112,0.82972152,113.8005588,0
0.001895476,0.833662594,179.5385241,0
0.002308338,0.839154961,185.7918715,0
0.001522278,0.853491337,433.0635275,0
0.002483561,0.800345922,34.51855949,0
0.001936442,0.82795626,126.0183168,0
0.001827319,0.813133415,73.56880407,0
0.000932406,0.817693272,77.70186536,0
0.000839012,0.851200398,215.1510069,0
0.001529953,0.838140978,196.5417631,0
0.001697432,0.823395795,78.68123111,0
0.00160045,0.829655385,162.8441364,0
0.001018111,0.803302576,34.95199523,0
0.001260958,0.835671909,141.3388351,0
0.001324181,0.843122461,210.6832609,0
0.001838749,0.826527949,113.2794025,0
0.002197761,0.806115767,44.92471565,0
0.001513896,0.829528078,150.5129765,0
0.001036806,0.859917664,580.1802492,0
0.001385612,0.840392113,184.9820674,0
0.001111599,0.816535652,117.7888793,0
0.001650578,0.819501371,76.94883107,0
0.001808684,0.820392196,109.5540226,0
0.001337111,0.843158967,231.6130855,0
0.00228293,0.805505398,47.45776352,0
0.001485471,0.826666331,84.16695596,0
0.00127621,0.830988124,188.2072899,0
0.001632087,0.815128571,64.08731991,0
0.001927509,0.829209345,125.6642121,0
0.001902415,0.80623817,50.88748792,0
0.001615425,0.827650631,91.62691587,0
0.002070735,0.821397787,88.56390486,0
0.002341341,0.834762452,138.268676,0
0.001893394,0.832933946,120.288532,0
0.001296224,0.844413493,378.6296509,0
0.002095993,0.809545368,69.47363134,0
0.00215681,0.805783466,54.32509768,0
0.001809609,0.830253653,118.9295182,0
0.002052655,0.813621512,64.41950223,0
0.001052358,0.855364967,557.5030775,0
0.002319752,0.82858046,116.7550082,0
0.001375264,0.831516319,104.3769012,0
0.001283689,0.832725589,131.7576268,0
0.001795694,0.835142289,150.3201217,0
0.002930651,0.809155646,56.24986416,0
0.001268205,0.840423392,157.1735746,0
0.001460335,0.837996415,160.3015108,0
0.001681586,0.829757517,113.2069159,0
0.00197001,0.817349003,70.90871733,0
0.001282647,0.81587006,62.0643256,0
0.001298437,0.821936658,95.23144832,0
0.002118797,0.818789579,61.29115829,0
0.001125079,0.855960059,494.4302602,0
0.001637872,0.833043701,177.0974292,0
0.001213771,0.841139723,223.987926,0
0.001655844,0.827161107,116.2486141,0
0.001771305,0.836131617,168.2572049,0
0.001852957,0.829167127,202.940115,0
0.001571484,0.808568404,50.56812799,0
0.00111111,0.832346396,143.0186825,0
0.001650447,0.799841345,37.65832106,0
0.001299687,0.850497567,340.3558988,0
0.001689085,0.835283894,143.402727,0
0.001727671,0.811804822,63.00483905,0
0.001938996,0.835878332,171.8199606,0
0.003007802,0.802050455,57.7372186,0
0.001405985,0.850247823,268.602875,0
0.001743525,0.836728375,128.5618017,0
0.001248489,0.814570514,67.62577383,0
0.001171287,0.865470185,1048.825163,0
0.001688835,0.837546419,139.9155392,0
0.001386883,0.833525783,191.6643196,0
0.001856794,0.843931526,210.7228755,0
0.001685685,0.857132885,451.211014,0
0.0009612,0.854995317,383.5272045,0
0.001164026,0.851418055,263.614385,0
0.002881307,0.777313049,21.62981741,0
0.001437499,0.840836049,169.5318746,0
0.002238473,0.811418143,62.70828389,0
0.001569975,0.837182859,143.3862105,0
0.001675086,0.825276176,186.404243,0
0.001997179,0.816725134,94.17092075,0
0.001191277,0.844495996,168.1867697,0
0.002741435,0.812210025,75.96065324,0
0.001003879,0.852598848,423.8622346,0
0.001862827,0.84986328,271.6756645,0
0.002300707,0.814709242,53.63985909,0
0.002435745,0.815961353,60.50146132,0
0.001241845,0.84954482,401.6915623,0
0.001298335,0.820234718,89.79632789,0
0.001311403,0.856866384,431.0759879,0
0.001910374,0.818625577,62.20008416,0
0.001286516,0.831039851,118.1300144,0
0.001736384,0.827783818,77.82384684,0
0.001199724,0.826388329,121.3423101,0
0.001867049,0.836162815,175.5810408,0
0.001732201,0.817478158,66.57824676,0
0.001561508,0.850352529,305.0294779,0
0.001253611,0.859329797,481.3638856,0
0.000351705,0.801355318,148.2049276,0
0.001572572,0.839612429,161.5669159,0
0.001904597,0.804511221,52.41237113,0
0.001088512,0.839481108,178.6509563,0
0.00124336,0.812991208,66.6223893,0
0.002568075,0.805882326,72.65133557,0
0.002604566,0.803793777,44.02868937,0
0.001292309,0.829606548,94.15298355,0
0.001509607,0.813099913,93.26896104,0
0.001221097,0.828867399,262.1564634,0
0.001323513,0.837078874,145.7301691,0
0.001563698,0.828946384,106.4561556,0
0.00105569,0.855949356,568.0096661,0
0.001455395,0.823533481,134.0619302,0
0.001200578,0.841123272,256.5767865,0
0.001963416,0.832941981,155.5010573,0
0.001403587,0.846126582,177.7150591,0
0.002024749,0.803360235,54.70938229,0
0.001602381,0.824867748,123.5376604,0
0.001412928,0.837746764,206.7307446,0
0.001708958,0.817994436,60.65287297,0
0.001888768,0.826863403,90.63196637,0
0.001362216,0.838429679,168.1789834,0
0.002331122,0.810104068,50.91726012,0
0.001502167,0.836741911,191.4378316,0
0.001229768,0.847361444,279.1526755,0
0.001476766,0.827757895,74.78374126,0
0.002010223,0.809892919,64.23102942,0
0.0015265,0.828794351,92.86429623,0
0.001491868,0.834665474,160.158027,0
0.001557839,0.838419436,209.586989,0
0.00152385,0.792273787,59.04209067,0
0.001663621,0.829528361,191.2623344,0
0.001268555,0.845832848,262.4028755,0
0.00217869,0.815544724,65.39982691,0
0.001552218,0.834247325,131.3837619,0
0.00149534,0.808890935,68.19362654,0
0.001846541,0.820384063,88.39303831,0
0.001228306,0.821452529,134.8818174,0
0.001505775,0.859736362,570.7182098,0
0.001633664,0.849253532,271.277825,0
0.001804033,0.822759653,104.0088804,0
0.001689733,0.805705884,57.98116447,0
0.001798117,0.810879376,67.80747209,0
0.002194973,0.801017356,44.06192991,0
0.001283814,0.844126264,161.6461182,0
0.001240465,0.82137126,121.8441216,0
0.001210518,0.829791912,117.7728408,0
0.001925882,0.816564686,74.41048119,0
0.001420355,0.845267826,243.5388351,0
0.001595392,0.823930365,87.43570993,0
0.001634299,0.832797396,144.6919458,0
0.001579218,0.824502845,186.0849137,0
0.001635214,0.80410885,65.82994617,0
0.001449254,0.843485836,276.0846483,0
0.001495703,0.834351313,130.1262892,0
0.002386413,0.817647057,59.78830475,0
0.001535234,0.815819516,94.76388969,0
0.001327439,0.8413191,201.9782795,0
0.001711412,0.815131199,85.87851094,0
0.001044534,0.859258378,520.0098642,0
0.002237893,0.810792415,47.71462828,0
0.001576996,0.839244414,149.5438856,0
0.002414014,0.796856848,45.38550668,0
0.001173494,0.836336327,168.4651884,0
0.001391454,0.806462664,56.49919827,0
0.001456163,0.82725982,94.22669584,0
0.002345504,0.816764564,78.27814012,0
0.00249584,0.827250005,135.937825,0
0.001955234,0.749081438,124.0533145,0
0.001508735,0.851787939,408.298027,0
0.001641105,0.772773955,88.09678098,0
0.001449336,0.834055629,107.0269304,0
0.001218827,0.845953438,302.7472333,0
0.001968243,0.807748491,58.82877773,0
0.001519571,0.812612282,75.14370881,0
0.001532646,0.812005359,63.43418065,0
0.001819076,0.83310808,128.2598452,0
0.002056708,0.800088299,62.81661237,0
0.001681738,0.84253128,153.5317258,0
0.002576147,0.82216684,80.82905255,0
0.001339478,0.843905495,199.6362297,0
0.001486759,0.858701075,584.9982743,0
0.002518215,0.841569938,213.2101482,0
0.001690193,0.827069796,111.9262644,0
0.001475461,0.823886997,101.8759481,0
0.001948774,0.826659013,85.83317849,0
0.002441966,0.823468233,128.2855651,0
0.001997499,0.836712965,145.8821593,0
0.001335,0.833904074,139.4572189,0
0.001256757,0.840589865,215.4433118,0
0.003324837,0.794442208,32.74247142,0
0.001392696,0.82049884,79.76509768,0
0.001946603,0.826252088,106.2872946,0
0.002145778,0.826647471,125.1254128,0
0.001924845,0.803675079,40.99538835,0
0.001779608,0.793409093,35.60038947,0
0.001579147,0.831626546,107.8089628,0
0.0014408,0.820562784,127.8554172,0
0.001463238,0.834722043,109.9904582,0
0.001746463,0.814355353,73.69297647,0
0.001537436,0.839920254,166.3266602,0
0.002075054,0.822549353,83.90504851,0
0.001809289,0.837334333,242.0677239,0
0.00107038,0.832394389,103.1771903,0
0.001357218,0.834054369,123.3433295,0
0.002077862,0.801402139,29.28980819,0
0.001095977,0.838732648,197.4922883,0
0.001756402,0.817227167,82.28676967,0
0.001456288,0.837173073,177.1563522,0
0.001792722,0.839215449,160.3927745,0
0.001335002,0.828242319,108.1588598,0
0.001537796,0.823087077,86.7062998,0
0.001699847,0.80349214,54.06430363,0
0.001349589,0.848188825,230.1891925,0
0.001012238,0.833813436,127.0071278,0
0.002364997,0.82377959,87.71263644,0
0.001388792,0.830888244,123.1372189,0
0.001184173,0.848857318,258.0616987,0
0.001838181,0.833295664,142.1358925,0
0.001348025,0.833658872,168.8591381,0
0.001234465,0.836739524,138.054042,0
0.001296379,0.836063257,141.4347806,0
0.001555017,0.831586455,137.9219265,0
0.001625517,0.840749011,179.3719756,0
0.001138427,0.842887413,158.2109563,0
0.002348933,0.805621311,45.09188867,0
0.001465477,0.823203872,104.8493013,0
0.002933493,0.737868435,71.87398657,0
0.001661531,0.831703867,114.6168149,0
0.001113803,0.854482833,474.4371976,0
0.001203891,0.849469042,383.6048646,0
0.001258202,0.72727524,185.5099542,0
0.001240091,0.830997974,99.06105728,0
0.00179859,0.821161223,107.8336964,0
0.001250112,0.850533317,280.4427044,0
0.001513622,0.837204751,186.1158346,0
0.001483122,0.835570945,120.7507335,0
0.001362897,0.829686843,127.7529977,0
0.08344042,0,0,0
0.001315792,0.820087987,78.60220505,0
0.001224145,0.858419456,417.1184558,0
0.001895184,0.826655815,90.53308324,0
0.001336544,0.849848129,270.8137763,0
0.001628801,0.817874041,73.270103,0
0.001854017,0.810053727,52.15342503,0
0.002361726,0.832236509,111.137173,0
0.00179997,0.821475456,85.26368354,0
0.001726874,0.836455154,154.3406532,0
0.001530288,0.826436779,86.10877341,0
0.001795323,0.810478344,61.27729961,0
0.001605919,0.821772386,64.99049767,0
0.001408603,0.834470704,136.7673199,0
0.001332134,0.854339027,438.7355611,0
0.001305641,0.82349984,81.57952816,0
0.001534133,0.809276194,48.61666316,0
0.001466205,0.844701416,335.8297441,0
0.001644525,0.833686095,117.7689247,0
0.002149394,0.826810519,120.7224714,0
0.0012305,0.829209829,107.1673199,0
0.001126527,0.835730957,188.2713603,0
0.002192385,0.848272901,356.8318654,0
0.00177128,0.849653437,230.0039975,0
0.001666874,0.846956803,298.9818487,0
0.001476694,0.841647759,172.8166128,0
0.001568795,0.819382471,70.40248264,0
0.002523246,0.792387688,36.57966949,0
0.001314799,0.82547794,140.7384027,0
0.001191427,0.848863407,247.0149719,0
0.001252781,0.848553943,205.0270919,0
0.001242555,0.853452815,290.7866611,0
0.001889713,0.81850485,71.35387113,0
0.001150582,0.856489185,493.2343082,0
0.002197311,0.836769685,202.8365318,0
0.001370747,0.839691289,182.8123333,0
0.001769199,0.839813371,158.3044983,0
0.001300202,0.841904783,206.2023398,0
0.001712823,0.809577269,78.82941222,0
0.001342886,0.839045832,231.41791,0
0.00122249,0.824068761,96.99162754,0
0.001312443,0.832303141,136.4260467,0
0.001528375,0.843830706,198.5983589,0
0.001201335,0.829434836,98.05001626,0
0.001689061,0.817407651,72.20574826,0
0.001515491,0.824398679,87.56558139,0
0.001956944,0.824791207,101.4855993,0
0.001476499,0.824944067,81.22505296,0
0.001467886,0.829396395,99.89547829,0
0.002401516,0.805384575,54.57309857,0
0.00184272,0.833333434,118.6564275,0
0.001164062,0.852595396,348.6774209,0
0.001810631,0.803402267,49.29821251,0
0.001344549,0.816807672,77.03523458,0
0.001279107,0.830746596,129.4965221,0
0.001104212,0.840518829,240.9264939,0
0.001609614,0.827381145,121.1109563,0
0.00165524,0.830272412,90.46917736,0
0.001614373,0.812928084,55.49334861,0
0.001493677,0.836523931,164.2326132,0
0.001911801,0.815441504,63.03043267,0
0.001654896,0.821433972,73.22174535,0
0.001350201,0.832764835,169.7203204,0
0.00106746,0.848250693,277.0751987,0
0.001252597,0.846678601,263.2200938,0
0.001609975,0.829970439,119.0368013,0
0.001338584,0.834592806,165.9378522,0
0.002741482,0.826723209,90.01396265,0
0.001408974,0.839364302,211.3088891,0
0.001279493,0.839695022,192.8629341,0
0.001253007,0.852330053,348.6156067,0
0.001134726,0.842153036,275.358577,0
0.001312977,0.834191498,145.0140226,0
0.002136724,0.831407632,151.5076859,0
0.001411203,0.830112182,103.612186,0
0.001699884,0.82590555,131.5036883,0
0.001814335,0.824365939,129.2489443,0
0.001417577,0.848712446,267.9372189,0
0.00205262,0.844074927,188.3501482,0
0.001808393,0.817781003,75.49062434,0
0.001559934,0.832179466,119.7659038,0
0.001716268,0.808224798,63.75144832,0
0.001408629,0.817298326,68.73085426,0
0.001890762,0.803974097,45.26254976,0
0.001855873,0.827389867,129.9028755,0
0.001969512,0.806411896,41.75735654,0
0.001314877,0.810143798,43.61176435,0
0.001362041,0.852217499,270.4329765,0
0.00162727,0.850677201,292.7471397,0
0.001532211,0.828281913,105.0522092,0
0.001344689,0.842260015,163.7399705,0
0.001952016,0.819677838,71.64637332,0
0.00142753,0.804648828,73.84936245,0
0.002575091,0.801780691,39.23257243,0
0.001548912,0.831384607,119.2550765,0
0.002509443,0.824264416,116.7424077,0
0.001379186,0.83057695,103.5633295,0
0.002580495,0.800548736,54.90995752,0
0.001504373,0.835475722,140.1895497,0
0.001657107,0.834572998,116.7718444,0
0.001465393,0.840663747,184.2351987,0
0.001424096,0.843536203,174.1011397,0
0.001877614,0.825046017,110.7424714,0
0.002490838,0.821521793,77.51735746,0
0.0014753,0.849288445,372.5156027,0
0.001692595,0.804101129,62.96737222,0
0.001915318,0.797843748,32.34191484,0
0.00170621,0.833453053,165.7903502,0
0.00114751,0.838030232,208.3073066,0
0.001607089,0.846394079,285.8661911,0
0.001193851,0.855184691,491.9856996,0
0.001627334,0.824372602,103.275945,0
0.001265592,0.837685215,219.8655586,0
0.001313042,0.838796015,136.1016819,0
0.00141664,0.814043996,51.62752193,0
0.001024461,0.860359371,593.8624261,0
0.001903089,0.84451538,183.5792391,0
0.001886636,0.828206465,106.3743906,0
0.001743325,0.825862001,110.9954087,0
0.001563276,0.828137783,107.7333805,0
0.00190424,0.823432377,149.270177,0
0.001686301,0.825654687,95.44444511,0
0.001929867,0.83958103,150.7194562,0
0.00165077,0.825437484,78.45066401,0
0.001734156,0.817036781,87.1032795,0
0.002015624,0.809641487,58.96637715,0
0.00141836,0.844920074,213.4235475,0
0.001358205,0.850606322,301.7794411,0
0.002401878,0.804928862,50.25795207,0
0.001297997,0.822471434,82.83718924,0
0.002264835,0.824879277,81.58711789,0
0.002059496,0.817977929,75.84893607,0
0.001378255,0.832327787,133.1924794,0
0.0016726,0.831458477,111.8938789,0
0.003359995,0.787577113,28.9160645,0
0.001585774,0.834467045,131.893613,0
0.00124994,0.807126421,48.19080714,0
0.00146571,0.802882368,38.10541002,0
0.001307994,0.838901702,141.4944607,0
0.001709524,0.828919473,109.757206,0
0.001273128,0.833827746,143.595102,0
0.001036924,0.858476738,464.5193945,0
0.00167274,0.825234579,102.6763275,0
0.00138197,0.850171777,343.5005572,0
0.001233866,0.84654841,259.0434815,0
0.001795446,0.810922118,51.42907208,0
0.001492162,0.815156534,83.16934011,0
0.001549525,0.82161333,84.21519869,0
0.001862179,0.83448654,154.3765036,0
0.001823864,0.831555761,119.4560068,0
0.001256737,0.788567253,362.1015645,0
0.001154519,0.849500658,275.5748168,0
0.001838593,0.835476239,158.7365129,0
0.00141486,0.849735911,265.2976229,0
0.001728406,0.8277057,94.29017293,0
0.00161538,0.826644221,96.51439061,0
0.001506404,0.825832016,99.29944112,0
0.002650741,0.843561827,187.7360612,0
0.001897716,0.823926068,102.2221647,0
0.002459322,0.818065548,72.38386422,0
0.001220778,0.831307079,179.2127745,0
0.001395259,0.820804764,83.98928184,0
0.001849056,0.828397413,151.6907089,0
0.00147884,0.81437445,92.05104697,0
0.001665375,0.802584153,72.83647737,0
0.00302194,0.79038443,35.80244036,0
0.003070233,0.82136483,87.57748543,0
0.001545754,0.848831728,256.8466958,0
0.002038957,0.83784252,168.6698927,0
0.001550774,0.845405081,272.6080556,0
0.001717496,0.843196131,157.1651226,0
0.001697663,0.822898797,78.04006808,0
0.002524209,0.809070685,48.17917109,0
0.002358268,0.823357662,79.74370352,0
0.001461655,0.847143519,337.8531785,0
0.001074692,0.680152593,46.38599893,0
0.001401171,0.848465061,306.5257037,0
0.001471597,0.822157858,132.4846906,0
0.001533398,0.821352841,75.26269563,0
0.002025351,0.845828021,211.4560506,0
0.002504778,0.820009053,69.04214139,0
0.001686389,0.846919451,233.2430205,0
0.002668543,0.769289704,63.2402492,0
0.001084175,0.842293299,166.3338294,0
0.001341761,0.832360682,107.0883589,0
0.001292754,0.822870493,84.08093772,0
0.001257702,0.836309478,159.1864436,0
0.00099562,0.853871556,365.9907542,0
0.002301006,0.813768866,92.217563,0
0.002937876,0.766126902,80.90994617,0
0.00136673,0.823692874,127.6986061,0
0.001723809,0.821685866,78.25457606,0
0.001100747,0.832028313,127.7958141,0
0.00137288,0.828792,149.8142827,0
0.001639385,0.829243294,137.998027,0
0.001449688,0.804662645,42.98085232,0
0.001973617,0.814065464,84.87808139,0
0.001465778,0.83955815,154.0764925,0
0.002152234,0.811303102,50.80037701,0
0,0.198024953,51.98196607,0
0.002748118,0.813506079,48.08307426,0
0.001755911,0.836437805,152.7731257,0
0.002070885,0.81850998,120.9570169,0
0.001409816,0.841311414,165.0131785,0
0.000797869,0.808040168,85.45991128,0
0.001172063,0.856150516,414.3448957,0
0.001268702,0.833345771,135.3823278,0
0.00174242,0.808371193,48.1615971,0
0.001471426,0.832109703,180.6788189,0
0.001399023,0.851197849,366.6604512,0
0.001530686,0.843253741,242.0441037,0
0.001051372,0.850001181,383.0236835,0
0.001659433,0.829911321,142.5236999,0
0.001918506,0.821535749,90.69795796,0
0.001136075,0.828813617,143.9800472,0
0.002040591,0.827507935,99.36567575,0
0.001714506,0.824190237,80.89183138,0
0.001602832,0.835615099,167.2322502,0
0.000936369,0.821212974,83.03849064,0
0.001314672,0.828259801,79.2137203,0
0.0015834,0.80917488,61.09582518,0
0.001921455,0.835714279,155.3315801,0
0.001507879,0.816526623,82.20555439,0
0.003134787,0.776309219,48.15144832,0
0.001761439,0.829946991,142.5749967,0
0.001800811,0.820851481,83.92348152,0
0.001983005,0.828873792,199.4062559,0
0.001599716,0.818613999,89.34788396,0
0.001424582,0.839970141,286.572296,0
0.001308553,0.843736098,255.8285825,0
0.001195604,0.838802248,163.3802466,0
0.001275455,0.860796437,932.47591,0
0.001836796,0.823217655,74.75678519,0
0.001607987,0.831430318,146.9385241,0
0.001690134,0.812136017,76.23873869,0
0.001204052,0.842239486,160.0633701,0
0.001641082,0.746841533,79.34162493,0
0.001546809,0.837626247,183.0260625,0
0.001375884,0.85819247,470.1576229,0
0.001074966,0.786300991,62.9992391,0
0.001735934,0.828848996,111.9364612,0
0.003515363,0.817436061,68.43136031,0
0.002249283,0.836052789,157.9811742,0
0.001783888,0.815550781,82.26133935,0
0.001957053,0.816524755,63.7972189,0
0.001339127,0.844769746,220.2841948,0
0.001711535,0.813674863,73.75089417,0
0.001151187,0.847313859,267.9807522,0
0.00100154,0.786613698,29.08392866,0
0.000996987,0.843256641,222.9083649,0
0.001778244,0.804951961,60.93004099,0
0.002125156,0.796331661,39.24169823,0
0.001765611,0.823308079,84.48074635,0
0.001755318,0.825701425,85.69352947,0
0.001348119,0.813491533,79.30275615,0
0.001628693,0.832745336,130.1539157,0
0.001487947,0.820628971,71.22045122,0
0.001286615,0.816329512,66.67434899,0
0.001484538,0.818865644,62.88852405,0
0.001137627,0.831454826,106.4635392,0
0.002542774,0.803774513,37.96900203,0
0.001719443,0.842638885,195.673614,0
0.001828408,0.810828345,55.25814874,0
0.0020022,0.821340317,71.56501015,0
0.002231273,0.819455357,84.74368354,0
0.001509809,0.835297701,161.3935886,0
0.001518967,0.831901593,164.5682968,0
0.001732911,0.822529597,72.5372189,0
0.001535848,0.839222159,193.7094467,0
0.002185157,0.816372531,71.05104697,0
0.001199551,0.84972267,345.1223911,0
0.001906222,0.82789604,102.2003592,0
0.001943693,0.827999131,118.6302004,0
0.001132643,0.84397993,288.0140498,0
0.001482058,0.858441974,672.5313603,0
0.002449948,0.790783653,37.96509768,0
0.001272721,0.841795006,188.9995671,0
0.002003028,0.820598678,85.36518934,0
0.002082232,0.813690159,61.45676415,0
0.001591619,0.822239536,71.72142421,0
0.001578479,0.786845932,32.50940636,0
0.00203522,0.800244256,39.96991374,0
0.001647199,0.845618311,253.5779913,0
0.001601825,0.842887232,206.2493401,0
0.001785771,0.840578302,239.7730556,0
0.001184232,0.831154841,150.2271179,0
0.001387082,0.849250696,269.8158048,0
0.001522594,0.841847477,184.2945828,0
0.001532093,0.838886609,124.5843391,0
0.00160129,0.828297487,111.2914098,0
0.001499207,0.817879802,67.28276878,0
0.002307837,0.812116312,60.62462894,0
0.002597113,0.832484036,138.9455212,0
0.001364495,0.814770911,70.67223333,0
0.001530793,0.836175254,182.8076859,0
0.001636432,0.845446322,182.8892196,0
0.001699595,0.827651018,124.5832795,0
0.001497113,0.852758043,482.5901536,0
0.002289069,0.774445856,235.7649719,0
0.001724392,0.82757353,116.6865006,0
0.001403378,0.832786046,117.2044916,0
0.001367468,0.841769426,207.0162088,0
0.001942059,0.807924312,53.77782407,0
0.001571197,0.834290243,155.2062601,0
0.002059039,0.828728929,151.5448957,0
0.002761067,0.804413845,59.25952469,0
0.001822357,0.834760637,161.0242484,0
0.00136017,0.831543415,109.2026089,0
0.001567624,0.829705658,128.4845658,0
0.001273021,0.85461371,314.8018089,0
0.002254757,0.818258903,76.95832466,0
0.00198108,0.81342487,77.55609591,0
0.00267411,0.80944159,44.4251554,0
0.002540802,0.824760652,85.07782366,0
0.001692058,0.833618763,179.0039791,0
0.001637291,0.80922856,69.1985168,0
0.001646596,0.826977867,117.6569014,0
0.001217313,0.830320333,127.2455017,0
0.00140073,0.822450118,124.5673199,0
0.001855438,0.809097374,68.80357631,0
0.001470843,0.823170951,99.90746285,0
0.001923808,0.803627366,50.43944112,0
0.001196831,0.826787244,82.27342935,0
0.00138748,0.844601502,285.8886827,0
0.001229592,0.835251369,137.2724446,0
0.002845616,0.799681727,48.95193934,0
0.001203933,0.818375943,154.7644645,0
0.00160226,0.828286968,117.7654113,0
0.00217136,0.802172636,28.08609887,0
0.001218119,0.843353054,202.3205212,0
0.002165139,0.840299948,175.5342463,0
0.001532707,0.847160542,249.8273199,0
0.002914019,0.798141369,34.32570374,0
0.00191282,0.827448704,115.5941511,0
0.00095957,0.840862365,188.4708778,0
0.001555187,0.852292161,485.2189319,0
0.00164839,0.844802224,240.7092363,0
0.001678747,0.823216429,102.0605851,0
0.001527864,0.833010971,129.068734,0
0.001678848,0.82615817,83.48446938,0
0.001333565,0.842517022,184.2101894,0
0.001801452,0.829419729,108.477057,0
0.002121311,0.819140167,86.78293534,0
0.001517155,0.850813152,269.5078923,0
0.001490688,0.831837997,129.6279787,0
0.001303138,0.813345976,81.23216839,0
0.001604062,0.822669227,110.1460789,0
0.001429386,0.833564553,167.0323982,0
0.001553004,0.829020548,92.61903708,0
0.001478961,0.838191003,294.9772478,0
0.001489828,0.814408834,64.07688985,0
0.001123091,0.842167401,212.5391937,0
0.001362541,0.829277997,128.813381,0
0.001594435,0.823522191,90.08258686,0
0.001277301,0.849185035,321.5963988,0
0.001544167,0.834985909,160.5125041,0
0.00231924,0.78832016,34.30897783,0
0.002061995,0.809521505,51.0918633,0
0.001701282,0.829241586,94.46764324,0
0.001128911,0.82525569,116.4672521,0
0.001353174,0.843761673,177.0124982,0
0.001707192,0.83308508,144.4347947,0
0.001920378,0.825119601,94.02414488,0
0.001918902,0.834821413,102.4697235,0
0.001692731,0.849530762,210.9195885,0
0.001375523,0.82918554,137.7066464,0
0.001360985,0.842935619,213.0371521,0
0.002405175,0.836537044,117.3216633,0
0.001287469,0.844430188,281.9925724,0
0.001387514,0.843700568,267.4176652,0
0.001227403,0.843640345,242.6107254,0
0.002504893,0.819230679,76.77098773,0
0.001740399,0.836875084,151.3118444,0
0.002156807,0.817170508,62.68772395,0
0.002073436,0.82415463,96.90746285,0
0.001374054,0.83385575,147.261927,0
0.001671505,0.832201156,120.0859338,0
0.001344841,0.837688809,169.8994411,0
0.00125868,0.847437003,268.2722496,0
0.001152671,0.8423516,236.7024591,0
0.001249522,0.843302659,231.8315065,0
0.001618404,0.849144093,249.4797846,0
0.001248222,0.850885372,309.2584269,0
0.00206622,0.825319332,206.9252997,0
0.002112726,0.810129838,79.85641082,0
0.002416623,0.817968997,84.02863318,0
0.001064284,0.84786305,326.8590003,0
0.001288703,0.840425398,205.9816037,0
0.001619494,0.827647239,119.3641209,0
0.001715305,0.818438526,90.75071884,0
0.00164587,0.821444884,79.1642896,0
0.001740937,0.837109892,152.2971723,0
0.001098319,0.835856054,220.8921684,0
0.00118616,0.813241996,90.19556791,0
0.001440758,0.825467747,82.44189422,0
0.001380719,0.836484837,150.7532085,0
0.002324534,0.819061931,65.69531974,0
0.002161498,0.812710454,63.3381577,0
0.001893145,0.849235765,698.7610281,0
0.001381261,0.830933876,103.7139866,0
0.001543526,0.808099814,66.58378373,0
0.001796304,0.835390167,98.23675836,0
0.002689498,0.827942785,101.5733586,0
0.001311772,0.842318838,183.4000635,0
0.001238217,0.828969311,140.2350208,0
0.001215617,0.843876651,301.0722404,0
0.002739569,0.797539715,33.98063373,0
0.001569383,0.828024888,110.7836091,0
0.001262312,0.839959078,163.1540942,0
0.00187625,0.83648511,136.3332568,0
0.001274727,0.854135707,301.4226804,0
0.003401037,0.677864025,29.41241576,0
0.001228268,0.850977037,263.1161372,0
0.001006016,0.835506349,147.0896276,0
0.001031539,0.850166933,241.3322404,0
0.001733615,0.816134791,60.41208936,0
0.001783853,0.853998098,400.7626528,0
0.002015317,0.837432194,158.819136,0
0.001082944,0.84724284,334.2213211,0
0.001927486,0.821189942,119.0458658,0
0.001565857,0.807131713,60.99263623,0
0.001810319,0.842339806,220.7684787,0
0.001228187,0.830184087,157.2714139,0
0.001811405,0.806793028,84.28709188,0
0.001851739,0.819663746,73.91545252,0
0.001922659,0.823207516,73.2128814,0
0.001652192,0.812541867,54.18307998,0
0.001145325,0.829018151,104.293168,0
0.001281819,0.845940257,199.9139898,0
0.001173512,0.830689225,107.6997686,0
0.001376688,0.840080769,188.0035422,0
0.002002753,0.795889796,143.9501052,0
0.001465453,0.8495296,258.8093642,0
0.002277497,0.829235477,102.3430775,0
0.001300646,0.84409899,360.6477239,0
0.001503478,0.831918133,105.9044916,0
0.001927631,0.835342295,128.3380739,0
0.001439362,0.838572021,168.4976229,0
0.001922531,0.826135452,112.0390526,0
0.001551003,0.833438011,135.5057057,0
0.000934552,0.840397899,153.6044938,0
0.001495372,0.830654268,107.6727568,0
0.001521113,0.832452087,155.5531785,0
0.00185563,0.830969957,118.9372189,0
0.001659551,0.832964119,148.8142206,0
0.00137863,0.807788404,60.87275686,0
0.001492223,0.820589726,77.12539449,0
0.001447415,0.828167887,95.28172581,0
0.001359037,0.84341746,275.4407824,0
0.001728903,0.839996943,211.6941119,0
0.001461731,0.839315402,147.1660591,0
0.002321826,0.83108967,116.9154218,0
0.001570739,0.848333961,365.4100831,0
0.001181549,0.842886035,227.6955212,0
0.002457112,0.805811839,58.61919534,0
0.001346996,0.84704831,250.3356027,0
0.001687764,0.795183743,28.35782496,0
0.001325777,0.833290624,162.6046147,0
0.001383018,0.824088989,85.47580475,0
0.001459562,0.822228736,76.01644336,0
0.001775303,0.826256255,60.52027156,0
0.001022764,0.837444678,113.9167076,0
0.001825627,0.801102643,40.34005955,0
0.001823783,0.839898574,147.0726364,0
0.001268171,0.8375513,157.7739022,0
0.001426436,0.844780254,204.4745926,0
0.00228403,0.843837742,258.4950558,0
0.001157044,0.820808511,101.1504182,0
0.001256113,0.798435744,196.9691789,0
0.001408703,0.833687005,145.9078223,0
0.001792251,0.821639084,86.33016468,0
0.00144901,0.823235357,101.9251597,0
0.001911629,0.828119078,90.19055885,0
0.001470493,0.814920742,80.65427083,0
0.001371182,0.834800171,184.2586625,0
0.002640569,0.803911561,42.89311245,0
0.002603292,0.800257042,87.40294187,0
0.001529248,0.827561971,110.5805034,0
0.001401885,0.831449298,113.5063098,0
0.002353079,0.817762179,77.05028583,0
0.001278912,0.833817618,119.0336429,0
0.0014571,0.836959196,126.8422049,0
0.00212403,0.827685811,130.3400235,0
0.001930347,0.835839325,131.2886598,0
0.002223589,0.803359417,63.63496226,0
0.002180993,0.827101059,193.1416633,0
0.001944881,0.827674865,132.0333805,0
0.001864605,0.819102256,65.90099036,0
0.002249985,0.809692714,75.06601094,0
0.001739795,0.814944821,56.34232712,0
0.001942839,0.814168897,60.57503156,0
0.002210747,0.821458166,77.24808198,0
0.001842197,0.825796544,99.75510204,0
0.001500317,0.801222736,41.35632424,0
0.001518578,0.844755756,160.1486771,0
0.003440208,0.798111266,46.33653947,0
0.001499193,0.848667805,288.7231206,0
0.00209942,0.799780641,35.60792597,0
0.001939446,0.811471879,53.23265901,0
0.00173935,0.828314395,140.025698,0
0.001066958,0.834425448,190.2178813,0
0.002346805,0.811222093,52.41679854,0
0.004479874,0.79319478,28.51458027,0
0.001150027,0.856216116,557.519283,0
0.001331018,0.829643699,122.4928345,0
0.001353188,0.835427171,135.2742663,0
0.001233665,0.834180787,181.0978414,0
0.001659497,0.822438125,105.0402377,0
0.001417451,0.841043177,182.0832374,0
0.001386184,0.821560146,77.68947204,0
0.001537123,0.82751371,119.64041,0
0.002024538,0.817782976,69.59479465,0
0.001494061,0.81208767,52.00740516,0
0.001132522,0.860584768,583.0070919,0
0.001634245,0.833899339,137.8517644,0
0.001760089,0.812143501,77.87355355,0
0.002596116,0.80142441,44.68012369,0
0.001795099,0.842986619,241.3048091,0
0.001819536,0.825599875,115.5246302,0
0.001456546,0.843242019,185.7194411,0
0.001893557,0.825868265,85.8996644,0
0.001547735,0.826946757,101.3454193,0
0.001355159,0.832607607,173.9224171,0
0.00154529,0.841819628,166.2891819,0
0.002415841,0.838247039,228.3269159,0
0.001605797,0.850752527,355.6389731,0
0.001836926,0.813407414,53.90630981,0
0.001792416,0.801795154,87.29312932,0
0.001935059,0.833641504,135.4005891,0
0.001849281,0.81215963,88.30654324,0
0.001333514,0.841305948,176.6737846,0
0.001610719,0.856494303,523.3706562,0
0.002023385,0.804246809,40.39661284,0
0.001159581,0.826102737,90.86712128,0
0.001840562,0.828158682,101.791719,0
0.001313391,0.824927195,160.5865118,0
0.002247173,0.810076053,62.94086634,0
0.001724957,0.820942723,77.98679102,0
0.001776376,0.821459031,67.35595939,0
0.001392577,0.840995444,146.0003469,0
0.002060747,0.825007537,92.12154733,0
0.001248191,0.854446127,444.4794411,0
0.001590366,0.821471679,75.50913809,0
0.00170453,0.834976501,153.3986579,0
0.000956698,0.848959219,244.3814039,0
0.001575997,0.824614524,114.5070354,0
0.002136424,0.82731661,111.5660303,0
0.002437378,0.808465497,42.97992281,0
0.00162977,0.827151951,88.7302602,0
0.002011919,0.788413711,33.10967717,0
0.001972321,0.846563399,217.3136732,0
0.002308279,0.817493697,76.3196486,0
0.001669618,0.836005276,218.3883863,0
0.00157848,0.828317468,109.9069818,0
0.001286809,0.837616808,172.1031407,0
0.002354747,0.814030405,54.23379562,0
0.001306458,0.814925265,49.14216221,0
0.001312237,0.826895072,96.04173882,0
0.001781485,0.828076935,130.1106562,0
0.003504801,0.808880597,49.76705055,0
0.003350497,0.812046044,46.34578361,0
0.001837081,0.812905128,69.35778495,0
0.001732375,0.832177662,338.7974209,0
0.001509578,0.831915941,118.5168149,0
0.002224432,0.824464882,78.23000408,0
0.001994806,0.829815624,114.7103502,0
0.001347119,0.83858269,200.6051754,0
0.001725333,0.824113354,110.7091879,0
0.00114626,0.846825753,221.7199736,0
0.001550993,0.835345968,194.4351987,0
0.001921903,0.800698023,35.97762294,0
0.001768433,0.825803795,133.417785,0
0.001876348,0.807799803,46.45194511,0
0.001306227,0.838274044,235.7347996,0
0.001485827,0.838103772,170.8104582,0
0.001132916,0.836374416,154.4608553,0
0.001537758,0.815308606,76.84115296,0
0.001664537,0.824723579,106.3971965,0
0.001502476,0.828768686,125.8198908,0
0.002420551,0.811082674,48.9432233,0
0.001655212,0.826016304,108.1594782,0
0.002116638,0.833827129,137.9690722,0
0.001768181,0.829595084,136.8679155,0
0.001803026,0.83868383,215.4024714,0
0.001294087,0.821548257,93.00673259,0
0.001890731,0.807571247,47.51915868,0
0.003936733,0.809935575,87.52035921,0
0.002127075,0.817949004,136.7190371,0
0.001376775,0.841296943,215.1117644,0
0.001619264,0.819946507,75.90873405,0
0.00142793,0.824507173,123.2232795,0
0.001395201,0.835076561,161.6727745,0
0.002513975,0.822699093,74.87249719,0
0.002295421,0.811097669,68.36999373,0
0.001637215,0.848310398,275.4027035,0
0.001488844,0.832264437,157.1383048,0
0.002125451,0.830392578,112.1106562,0
0.00147771,0.846584088,251.7821644,0
0.00408588,0.790786868,28.12361999,0
0.002135305,0.816944087,94.83339474,0
0.001491917,0.830170075,123.1019952,0
0.001658482,0.813311816,88.60528878,0
0.001928961,0.800838953,369.6996431,0
0.002345675,0.80714417,53.34469364,0
0.002131213,0.810648821,69.00504944,0
0.001832064,0.835543082,142.8811269,0
0.002382399,0.804745692,48.10541002,0
0.001304889,0.842539124,179.5431105,0
0.001562335,0.814144468,93.91502297,0
0.002255908,0.814399594,67.93369949,0
0.001335161,0.839388383,181.6551088,0
0.002365331,0.836368485,141.1809384,0
0.001136715,0.815467961,68.33670555,0
0.001496314,0.82420311,102.8049683,0
0.001279464,0.82761282,180.2232795,0
0.001745744,0.835128318,196.5587773,0
0.002004209,0.817163331,105.3650521,0
0.00234484,0.823984136,96.59330949,0
0.001408981,0.828165957,192.1823967,0
0.001949302,0.837424822,180.8692755,0
0.00172133,0.840552922,195.0846757,0
0.001694377,0.843669424,322.3882154,0
0.001423612,0.841113947,192.3029257,0
0.001557441,0.83518703,130.9758048,0
0.00170308,0.84354718,196.6046961,0
0.002672033,0.798932284,34.97317695,0
0.001422749,0.832023872,152.4531101,0
0.001168733,0.844732008,161.5920328,0
0.001669198,0.820003506,70.10408758,0
0.001531136,0.840616291,185.5047156,0
0.001963492,0.825981178,131.8403361,0
0.001313602,0.845230406,229.0503662,0
0.002436222,0.82989516,119.3970124,0
0.001983268,0.803143542,65.66731991,0
0.001642984,0.826044458,89.49378455,0
0.001473034,0.834154759,162.7122404,0
0.001517467,0.825092216,92.80934381,0
0.000999693,0.813016872,99.71293585,0
0.001466867,0.823988636,98.29877394,0
0.000995129,0.857192582,464.3950127,0
0.001116344,0.84908267,239.3789183,0
0.001608387,0.82210255,89.62249639,0
0.001745115,0.816908089,77.07206282,0
0.001326038,0.8411854,169.9712082,0
0.001413432,0.837958705,150.3614613,0
0.001329388,0.835706941,127.6283041,0
0.002727609,0.807823401,51.19154486,0
0.001755713,0.830112141,118.3421414,0
0.001447865,0.834657004,157.7250977,0
0.001581674,0.802019521,57.72320735,0
0.001240756,0.848514854,336.2974963,0
0.001564458,0.846214761,221.4752448,0
0.001579226,0.829331087,88.43632188,0
0.001578219,0.832072632,98.57100778,0
0.001766768,0.813174719,58.25237041,0
0.001326716,0.843652383,272.6611513,0
0.001622931,0.834500725,153.5723704,0
0.002015106,0.826556825,118.7837155,0
0.00273184,0.799404947,42.51525094,0
0.001676922,0.822981374,79.00431961,0
0.001503225,0.82782867,118.3410221,0
0.004453164,0.80626376,59.54839926,0
0.001424876,0.830474854,108.9857057,0
0.001368935,0.830450376,146.0751657,0
0.001159411,0.829240694,125.8587751,0
0.001481801,0.850218209,319.2580416,0
0.001555514,0.831178972,126.8896079,0
0.00147019,0.838065725,235.7558735,0
0.001167178,0.843535744,202.6104582,0
0.00174785,0.786653371,239.0331125,0
0.001344688,0.82138706,100.386227,0
0.001751415,0.810362723,50.50241952,0
0.001801094,0.809044608,73.11809331,0
0.003158072,0.791304681,35.92853203,0
0.00191553,0.821880096,82.15944334,0
0.001210155,0.838779651,133.122449,0
0.001231778,0.850623969,288.0842896,0
0.001603333,0.837216547,180.640648,0
0.001625163,0.80787033,50.77342852,0
0.001147912,0.82810838,143.2422694,0
0.001259747,0.840223101,232.4950558,0
0.001931826,0.81437423,73.58287134,0
0.001092644,0.831277896,218.5370169,0
0.001479053,0.845732072,212.4923314,0
0.001444432,0.834217583,155.3563988,0
0.001695325,0.816658443,95.68113534,0
0.001752601,0.808718274,46.29964314,0
0.002608429,0.825407107,162.9949161,0
0.001185199,0.805717981,62.3254962,0
0.001742012,0.808356815,50.48221501,0
0.001666373,0.826971263,113.5814613,0
0.001134497,0.83393342,133.7488412,0
0.001311531,0.852661138,310.1850977,0
0.001635133,0.811901823,70.09328757,0
0.001102856,0.84868782,238.6019356,0
0.001696812,0.826378225,188.7357393,0
0.00113711,0.833019676,121.5457057,0
0.001048094,0.84443203,228.3121684,0
0.001461091,0.833264082,136.6655594,0
0.001319701,0.845252462,298.8394411,0
0.0016114,0.831180214,160.7307542,0
0.001856104,0.801425716,33.65580475,0
0.001539168,0.841835482,179.0111583,0
0.001811697,0.814410002,54.74828579,0
0.001726185,0.831887529,122.9470767,0
0.001352161,0.85090969,263.3699462,0
0.001856786,0.831619213,116.0803223,0
